產業,股票代號,股票名稱,股價,發放頻率,現金股利,股票股利,合計股利,殖利率(%),除息日,發放日
建材營造業,3056,富華新,18.15,年,2.00,3.50,5.50,16.50,'25/08/07,'25/09/12
化學工業,1713,國化,44.70,年,7.50,0.00,7.50,13.60,'25/08/07,'25/08/29
航運業,2603,長榮,191.00,年,32.50,0.00,32.50,13.20,'25/06/19,'25/07/18
ETF,00701,國泰股利精選30,29.36,半年,3.85,0.00,3.85,13.10,'25/08/18,'25/09/11
建材營造業,5508,永信建,66.90,年,14.50,0.00,14.50,11.50,'25/07/16,'25/08/06
ETF,00919,群益台灣精選高息,22.48,季,2.52,0.00,2.52,11.10,'25/12/16,'26/01/13
ETF,0056,元大高股息,36.69,季,3.87,0.00,3.87,11.00,'25/10/23,'25/11/14
建材營造業,1436,華友聯,65.30,年,9.80,3.01,12.81,11.00,'25/07/21,'25/08/25
ETF,00918,大華優利高填息30,22.55,季,2.48,0.00,2.48,10.80,'25/12/18,'26/01/13
ETF,00896,中信綠能及電動車,18.98,季,1.85,0.00,1.85,10.50,'25/12/16,'26/01/13
航運業,2609,陽明,56.30,年,7.50,0.00,7.50,10.40,'25/07/09,'25/08/01
證券業,6016,康和證,13.05,年,0.23,1.00,1.23,10.40,'25/08/04,'25/08/27
ETF,00891,中信關鍵半導體,19.87,季,1.83,0.00,1.83,10.00,'25/11/18,'25/12/12
ETF,00858,永豐美國500大,34.02,半年,3.30,0.00,3.30,9.94,'25/07/24,'25/08/19
ETF,00901,永豐智能車供應鏈,25.00,年,2.60,0.00,2.60,9.90,'25/11/25,'25/12/19
電機機械,6606,建德工業,25.10,年,3.00,0.00,3.00,9.72,'25/03/28,'25/04/25
紡織纖維,1463,強盛新,18.95,年,2.10,0.00,2.10,9.66,'25/10/16,'25/11/12
汽車工業,2228,劍麟,106.00,年,9.00,0.00,9.00,9.44,'25/07/08,'25/07/31
證券業,2855,統一證,23.90,年,1.10,1.00,2.10,9.29,'25/07/08,'25/08/12
建材營造業,9906,欣巴巴,51.20,年,6.50,0.00,6.50,9.22,'25/09/04,'25/09/30
其他業,9927,泰銘,68.30,年,6.00,0.00,6.00,9.13,'25/08/26,'25/09/15
其他業,5209,新鼎,166.50,年,11.33,0.00,11.33,9.03,'25/06/26,'25/07/23
證券業,5864,致和證,14.90,年,0.40,0.80,1.20,8.99,'25/07/04,'25/08/08
生技醫療業,6703,軒郁,107.50,半年,10.00,2.00,12.00,8.76,'25/09/02,'25/09/30
建材營造業,5519,隆大,33.40,年,3.00,0.00,3.00,8.76,'25/06/17,'25/07/18
ETF,00900,富邦特選高股息30,13.73,月,1.18,0.00,1.18,8.75,'25/12/16,'26/01/12
建材營造業,2545,皇翔,39.10,年,4.50,0.00,4.50,8.70,'25/06/17,'25/07/11
其他業,2348,海悅,81.90,年,9.00,0.00,9.00,8.70,'25/07/15,'25/08/11
紡織纖維,1446,宏和,18.25,年,2.00,0.00,2.00,8.68,'25/07/21,'25/08/15
ETF,00712,復華富時不動產,9.14,季,0.79,0.00,0.79,8.65,'25/12/17,'26/01/14
證券業,6026,福邦證,13.10,年,1.10,0.00,1.10,8.65,'25/06/13,'25/07/07
觀光餐旅,2751,王座,62.00,半年,5.99,0.00,5.99,8.64,'25/08/28,'25/09/30
其他業,2496,卓越,68.40,半年,7.18,0.00,7.18,8.59,'25/08/27,'25/09/19
建材營造業,6177,達麗,53.70,年,3.50,0.50,4.00,8.55,'25/08/05,'25/09/05
ETF,00830,國泰費城半導體,58.05,年,3.96,0.00,3.96,8.29,'25/01/17,'25/02/18
通信網路業,4909,新復興,61.30,年,6.00,0.00,6.00,8.29,'25/07/21,'25/08/15
ETF,00917,中信特選金融,25.70,年,2.00,0.00,2.00,8.25,'25/01/17,'25/02/20
生技醫療業,4137,麗豐-KY,99.40,季,10.00,0.00,10.00,8.23,'25/07/03,'25/07/31
ETF,00882,中信中國高股息,15.23,半年,1.08,0.00,1.08,8.22,'25/07/16,'25/08/11
文化創意業,6180,橘子,52.60,年,6.00,0.00,6.00,8.20,'25/07/17,'25/08/08
ETF,00878,國泰永續高股息,21.70,季,1.77,0.00,1.77,8.17,'25/11/18,'25/12/12
航運業,2611,志信,14.75,年,1.64,0.00,1.64,8.16,'25/07/02,'25/07/31
紡織纖維,1475,業旺,30.35,年,3.60,0.00,3.60,8.10,'25/07/03,'25/07/25
紡織纖維,4420,光明,50.20,半年,5.50,0.00,5.50,8.09,'25/03/27,'25/04/30
建材營造業,2520,冠德,34.60,年,3.10,1.00,4.10,8.09,'25/08/05,'25/09/01
其他業,3284,太普高,21.00,年,0.80,1.20,2.00,8.05,'25/08/21,'25/09/26
ETF,00894,中信小資高價30,27.46,季,1.75,0.00,1.75,7.96,'25/11/18,'25/12/12
電腦及週邊設備業,2387,精元,38.50,年,4.00,0.00,4.00,7.94,'25/06/24,'25/07/21
建材營造業,5515,建國,35.45,年,2.15,0.00,2.15,7.88,'25/07/03,'25/07/31
證券業,6021,美好證,25.10,半年,1.84,0.00,1.84,7.88,'25/04/17,'25/05/23
通信網路業,6216,居易,26.65,年,2.53,0.00,2.53,7.86,'25/08/27,'25/10/01
電腦及週邊設備業,5356,協益,24.85,年,2.30,0.00,2.30,7.85,'25/07/02,'25/07/24
鋼鐵工業,2020,美亞,23.80,年,2.20,0.00,2.20,7.84,'25/06/11,'25/07/04
ETF,00922,國泰台灣領袖50,25.77,半年,1.88,0.00,1.88,7.80,'25/10/20,'25/11/13
光電業,4933,友輝,58.90,年,5.99,0.00,5.99,7.72,'25/07/22,'25/08/22
ETF,00713,元大台灣高息低波,50.85,季,4.06,0.00,4.06,7.70,'25/12/19,'26/01/12
生技醫療業,4162,智擎,70.10,年,6.00,0.00,6.00,7.69,'25/08/13,'25/08/29
ETF,00770,國泰北美科技,58.15,年,4.00,0.00,4.00,7.68,'25/01/17,'25/02/18
其他業,8442,威宏-KY,69.90,年,6.41,0.00,6.41,7.66,'25/07/14,'25/08/08
居家生活,8433,弘帆,51.70,年,6.46,0.00,6.46,7.64,'25/04/25,'25/05/27
航運業,2637,慧洋-KY,68.90,年,5.00,0.00,5.00,7.63,'25/06/13,'25/07/11
生技醫療業,6523,達爾膚,117.50,季,10.00,0.00,10.00,7.62,'25/12/04,'25/12/31
塑膠工業,4306,炎洲,14.30,年,1.00,0.20,1.20,7.59,'25/09/01,'25/09/26
電子通路業,6189,豐藝,44.65,年,4.00,2.00,6.00,7.59,'25/07/25,'25/08/29
電子零組件業,6292,迅德,40.45,年,4.00,0.00,4.00,7.58,'25/07/01,'25/07/25
光電業,3356,奇偶,46.75,年,4.00,0.00,4.00,7.58,'25/10/03,'25/10/30
居家生活,9935,慶豐富,20.25,年,1.80,0.00,1.80,7.58,'25/07/02,'25/07/24
其他電子業,5225,東科-KY,99.50,年,10.39,0.00,10.39,7.56,'25/03/27,'25/04/22
保險業,2851,中再保,26.25,年,1.90,0.00,1.90,7.51,'25/06/27,'25/07/18
ETF,00923,群益台ESG低碳50,25.86,半年,1.69,0.00,1.69,7.49,'25/08/18,'25/09/11
電子零組件業,6924,榮惠-KY創,69.30,年,5.50,0.00,5.50,7.45,'25/06/26,'25/07/25
保險業,2852,第一保,27.70,年,2.10,0.00,2.10,7.42,'25/07/15,'25/08/08
塑膠工業,1307,三芳,32.40,年,2.70,0.00,2.70,7.41,'25/07/10,'25/08/06
生技醫療業,8436,大江,109.50,年,10.00,0.00,10.00,7.41,'25/09/05,'25/09/30
通信網路業,6486,互動,82.80,年,5.87,0.00,5.87,7.41,'25/07/15,'25/08/08
橡膠工業,2109,華豐,14.90,半年,1.30,0.00,1.30,7.36,'25/09/25,'25/10/20
文化創意業,6596,寬宏藝術,139.50,年,7.00,0.00,7.00,7.36,'25/04/01,'25/04/30
建材營造業,6212,理銘,41.95,年,3.50,0.00,3.50,7.35,'25/07/17,'25/08/15
ETF,00904,新光臺灣半導體30,23.06,季,1.43,0.00,1.43,7.34,'25/10/22,'25/11/18
文化創意業,8446,華研,96.70,半年,8.00,0.00,8.00,7.34,'25/04/17,
其他業,6957,裕慶-KY,192.00,年,13.16,0.00,13.16,7.33,'25/07/03,'25/07/28
汽車工業,2204,中華,59.40,年,4.20,0.00,4.20,7.29,'25/07/17,'25/08/20
鋼鐵工業,6248,沛波,20.90,年,1.80,0.00,1.80,7.27,'25/08/26,'25/09/25
居家生活,2916,滿心,49.00,年,3.60,0.00,3.60,7.27,'25/06/27,'25/07/18
建材營造業,2527,宏璟,29.10,年,2.00,0.00,2.00,7.25,'25/08/25,'25/09/17
電機機械,1537,廣隆,125.50,年,10.50,0.00,10.50,7.24,'25/08/19,'25/09/09
建材營造業,2530,華建,27.90,季,2.27,0.00,2.27,7.22,'25/12/09,'26/01/07
電子零組件業,1582,信錦,66.70,年,5.50,0.00,5.50,7.14,'25/06/16,'25/07/11
其他業,6904,伯鑫,115.00,年,9.00,0.00,9.00,7.14,'25/07/16,'25/08/08
電機機械,4550,長佳,25.25,年,2.00,0.00,2.00,7.12,'25/06/16,'25/07/10
生技醫療業,4735,豪展,32.30,季,2.30,0.00,2.30,7.12,'25/12/02,'25/12/19
文化創意業,6294,智基,47.00,年,3.20,0.60,3.80,7.10,'25/07/31,'25/09/04
光電業,3481,群創,16.30,年,1.00,0.00,1.00,7.09,'25/05/22,'25/06/19
生技醫療業,4736,泰博,121.50,年,10.00,0.00,10.00,7.07,'25/09/04,'25/09/25
半導體業,6996,力領科技,146.50,年,12.65,0.00,12.65,7.07,'25/04/24,'25/05/27
光電業,6176,瑞儀,125.50,年,10.61,0.00,10.61,7.07,'25/06/20,'25/07/18
電腦及週邊設備業,6128,上福,22.80,年,2.50,0.00,2.50,7.04,'25/04/17,'25/05/13
電子零組件業,8182,加高,25.90,年,2.00,0.00,2.00,7.04,'25/07/16,'25/08/15
建材營造業,6171,大城地產,28.75,年,2.50,0.00,2.50,7.02,'25/07/30,'25/08/25
居家生活,2062,橋椿,20.60,年,1.80,0.00,1.80,7.02,'25/08/28,'25/09/26
居家生活,3171,炎洲流通,46.90,年,3.00,0.00,3.00,7.01,'25/07/10,'25/08/01
鋼鐵工業,7718,友鋮,43.15,年,3.50,0.00,3.50,6.99,'25/06/30,'25/07/18
觀光餐旅,7705,三商餐飲,40.00,年,3.80,0.00,3.80,6.99,'25/07/17,'25/08/22
塑膠工業,1341,富林-KY,58.90,季,5.20,0.00,5.20,6.96,'25/03/27,'25/05/06
建材營造業,1442,名軒,30.35,年,4.50,0.00,4.50,6.96,'25/08/21,'25/09/19
電子通路業,3209,全科,31.50,年,2.48,0.00,2.48,6.96,'25/08/12,'25/08/29
ETF,00728,第一金工業30,37.06,季,2.23,0.00,2.23,6.95,'25/12/18,'26/01/13
紡織纖維,1464,得力,11.20,年,0.50,0.44,0.94,6.94,'25/08/05,'25/09/19
保險業,2850,新產,116.50,年,7.15,0.00,7.15,6.94,'25/06/27,'25/07/22
綠能環保,7715,裕山,30.40,年,2.99,0.00,2.99,6.94,'25/06/23,'25/07/17
鋼鐵工業,2010,春源,20.50,年,1.30,0.00,1.30,6.93,'25/04/17,'25/05/23
電子零組件業,6266,泰詠,29.10,年,1.78,0.59,2.38,6.93,'25/06/19,'25/07/25
其他業,8916,光隆,49.65,年,3.59,0.00,3.59,6.93,'25/07/29,'25/08/21
電子零組件業,3679,新至陞,114.00,年,10.00,0.00,10.00,6.92,'25/06/12,'25/07/09
居家生活,8482,商億-KY,49.35,年,4.36,0.00,4.36,6.92,'25/07/02,'25/07/25
航運業,6757,台灣虎航,65.00,年,6.05,0.00,6.05,6.90,'25/09/18,'25/10/16
光電業,2393,億光,55.10,年,5.31,0.00,5.31,6.90,'25/07/31,'25/08/29
光電業,8049,晶采,25.05,年,2.00,0.00,2.00,6.90,'25/06/23,'25/07/18
電子零組件業,3526,凡甲,243.50,年,16.46,0.00,16.46,6.89,'25/04/11,'25/05/08
建材營造業,5534,長虹,86.20,年,5.50,0.00,5.50,6.88,'25/08/28,'25/09/30
ETF,00690,兆豐藍籌30,44.50,季,2.65,0.00,2.65,6.86,'25/11/18,'25/12/05
其他業,8401,白紗科,28.70,年,1.50,0.70,2.20,6.86,'25/03/27,'25/04/24
ETF,00909,國泰數位支付服務,39.55,年,1.81,0.00,1.81,6.85,'24/04/18,'24/05/15
其他電子業,6903,巨漢,215.50,年,8.00,0.00,8.00,6.84,'25/06/20,'25/07/14
塑膠工業,1315,達新,64.30,半年,4.50,0.00,4.50,6.81,'25/09/01,'25/09/26
電腦及週邊設備業,6161,捷波,45.60,年,3.00,0.00,3.00,6.81,'25/07/31,'25/08/20
半導體業,8091,翔名,112.00,年,8.00,0.00,8.00,6.81,'25/04/16,'25/05/20
電子零組件業,3501,維熹,48.70,年,4.00,0.00,4.00,6.80,'25/07/31,'25/08/27
證券業,6005,群益證,23.90,年,1.50,0.00,1.50,6.79,'25/06/17,'25/07/14
運動休閒,2762,世界健身-KY,76.80,季,5.53,0.00,5.53,6.79,'25/11/27,'25/12/18
運動休閒,9960,邁達康,21.25,年,1.70,0.00,1.70,6.79,'25/08/14,'25/09/09
電腦及週邊設備業,6577,勁豐,69.00,年,6.00,0.00,6.00,6.77,'25/06/24,'25/07/24
化學工業,4741,泓瀚,21.00,年,1.20,0.60,1.80,6.75,'25/08/26,'25/09/30
半導體業,8081,致新,208.50,年,16.00,0.00,16.00,6.75,'25/06/30,'25/07/25
ETF,00888,永豐台灣ESG,20.23,季,1.16,0.00,1.16,6.71,'25/10/23,'25/11/20
紡織纖維,1473,台南,24.80,年,2.00,0.00,2.00,6.70,'25/06/11,'25/06/30
ETF,00913,兆豐台灣晶圓製造,24.89,半年,1.40,0.00,1.40,6.69,'25/08/18,'25/09/04
ETF,00927,群益半導體收益,21.63,季,1.18,0.00,1.18,6.69,'25/10/20,'25/11/14
光電業,4995,晶達,41.05,年,4.00,0.00,4.00,6.69,'25/05/28,'25/06/20
鋼鐵工業,8930,青鋼,32.85,年,2.80,0.00,2.80,6.66,'25/03/26,'25/04/23
汽車工業,1522,堤維西,46.25,年,3.00,0.00,3.00,6.65,'25/07/17,'25/08/15
電機機械,2235,謚源,34.30,年,3.00,0.00,3.00,6.62,'25/07/15,'25/08/14
光電業,5315,光聯,23.90,年,1.50,0.00,1.50,6.62,'25/07/01,'25/07/30
電子零組件業,3206,志豐,32.00,年,2.50,0.00,2.50,6.61,'25/07/24,'25/08/21
其他業,2614,東森,22.85,年,0.25,0.90,1.15,6.61,'25/07/09,'25/08/13
其他業,6585,鼎基,88.00,年,7.92,0.00,7.92,6.60,'25/06/30,'25/07/10
半導體業,3014,聯陽,114.00,年,9.00,0.00,9.00,6.57,'25/07/08,'25/08/07
電子零組件業,3026,禾伸堂,100.00,年,5.50,0.00,5.50,6.57,'25/06/23,'25/07/18
建材營造業,5546,永固-KY,22.45,年,2.00,0.00,2.00,6.57,'25/07/21,'25/08/18
塑膠工業,4305,世坤,41.70,年,3.20,0.00,3.20,6.56,'25/07/30,'25/08/26
電子零組件業,2385,群光,118.00,年,10.00,0.00,10.00,6.54,'25/06/17,'25/07/11
電子通路業,8112,至上,75.80,年,3.35,0.00,3.35,6.54,'25/06/25,'25/07/25
電機機械,1532,勤美,26.40,年,1.73,0.00,1.73,6.52,'25/07/22,'25/08/14
電機機械,4527,方土霖,39.30,年,3.20,0.00,3.20,6.51,'25/05/28,'25/06/20
電機機械,6122,擎邦,49.90,年,3.27,0.00,3.27,6.50,'25/08/12,'25/09/10
電腦及週邊設備業,8410,森田,35.65,年,3.00,0.00,3.00,6.49,'25/08/28,'25/09/26
汽車工業,2227,裕日車,55.10,年,3.90,0.00,3.90,6.48,'25/08/27,'25/09/24
半導體業,6651,全宇昕,80.60,年,7.00,0.00,7.00,6.48,'25/03/27,'25/04/25
電子零組件業,6538,倉和,68.90,年,7.00,0.00,7.00,6.48,'25/06/16,'25/07/11
建材營造業,1808,潤隆,34.50,年,2.00,0.00,2.00,6.48,'25/09/25,'25/10/31
電腦及週邊設備業,5215,科嘉-KY,35.05,年,2.50,0.00,2.50,6.47,'25/07/14,'25/08/08
居家生活,2937,集雅社,43.05,年,2.00,1.00,3.00,6.47,'25/04/17,'25/05/20
電腦及週邊設備業,3211,順達,342.50,年,12.50,0.00,12.50,6.46,'25/06/10,'25/07/07
半導體業,3567,逸昌,25.30,年,1.80,0.00,1.80,6.46,'25/07/10,'25/08/08
其他電子業,2488,漢平,45.80,年,3.20,0.00,3.20,6.45,'25/09/17,'25/10/17
通信網路業,6143,振曜,123.00,年,7.00,0.00,7.00,6.45,'25/04/11,'25/05/08
其他業,9940,信義,22.60,年,1.80,0.00,1.80,6.43,'25/06/10,'25/07/09
建材營造業,2535,達欣工,63.20,年,3.75,0.00,3.75,6.40,'25/04/01,'25/05/07
建材營造業,2504,國產,37.30,年,2.80,0.00,2.80,6.39,'25/06/24,'25/07/18
通信網路業,3025,星通,65.10,年,3.30,0.00,3.30,6.38,'25/08/28,'25/09/26
運動休閒,8924,大田,72.10,年,4.30,0.00,4.30,6.38,'25/06/03,'25/06/20
電子零組件業,6108,競國,14.55,年,1.00,0.00,1.00,6.37,'25/08/28,'25/09/19
汽車工業,1339,昭輝,44.05,年,3.00,0.00,3.00,6.36,'25/09/04,'25/10/01
通信網路業,8011,台通,22.40,年,1.40,0.00,1.40,6.36,'25/06/17,'25/07/11
數位雲端,8487,愛爾達-創,77.90,年,5.20,0.00,5.20,6.35,'25/06/03,'25/06/30
運動休閒,6670,復盛應用,258.00,年,19.65,0.00,19.65,6.35,'25/07/07,'25/07/31
居家生活,6754,匯僑設計,48.10,年,4.00,0.00,4.00,6.35,'25/07/01,'25/07/25
紡織纖維,4440,宜新實業,17.65,年,1.60,0.00,1.60,6.32,'25/04/01,'25/04/29
建材營造業,5548,安倉,24.10,年,1.40,0.25,1.65,6.32,'25/07/22,'25/08/22
電子通路業,8070,長華*,43.10,半年,2.71,0.00,2.71,6.31,'25/12/18,'26/01/16
其他電子業,6201,亞弘電,56.50,年,4.00,0.00,4.00,6.30,'25/08/04,'25/08/29
建材營造業,2540,愛山林,51.00,年,1.00,4.00,5.00,6.29,'25/09/30,'25/10/31
鋼鐵工業,5015,華祺,27.75,年,2.30,0.00,2.30,6.28,'25/07/04,'25/07/30
汽車工業,1524,耿鼎,28.05,年,2.30,0.00,2.30,6.28,'25/04/17,'25/05/16
電子零組件業,8103,瀚荃,86.00,年,2.86,0.00,2.86,6.28,'25/07/09,'25/08/01
居家生活,9924,福興,52.30,年,3.10,0.00,3.10,6.27,'25/06/11,'25/07/03
其他業,6881,潤德,228.50,年,15.00,0.00,15.00,6.25,'25/06/10,'25/06/25
食品工業,1218,泰山,18.15,季,1.35,0.00,1.35,6.24,'25/06/26,'25/07/18
建材營造業,5520,力泰,89.00,年,5.50,0.00,5.50,6.24,'25/03/27,'25/04/23
航運業,5609,中菲行,79.40,年,5.20,0.00,5.20,6.24,'25/06/06,'25/06/26
化學工業,4720,德淵,15.15,年,1.00,0.00,1.00,6.23,'25/07/09,'25/08/08
通信網路業,2439,美律,98.30,年,7.29,0.00,7.29,6.23,'25/08/28,'25/09/26
生技醫療業,1777,生泰,73.40,年,5.30,0.00,5.30,6.21,'25/07/21,'25/08/15
其他業,9933,中鼎,31.25,年,1.00,1.00,2.00,6.21,'25/08/15,'25/09/17
電機機械,1580,新麥,134.00,年,9.16,0.00,9.16,6.19,'25/08/14,'25/09/11
電子通路業,3028,增你強,37.50,年,2.10,0.00,2.10,6.19,'25/07/10,'25/07/31
電機機械,8083,瑞穎,157.50,年,10.00,0.00,10.00,6.17,'25/07/10,'25/07/30
居家生活,6807,峰源-KY,45.80,年,4.50,0.00,4.50,6.17,'25/07/02,'25/07/31
其他電子業,2459,敦吉,65.70,年,4.00,0.00,4.00,6.16,'25/06/18,'25/07/09
建材營造業,5511,德昌,65.50,年,3.80,0.00,3.80,6.16,'25/07/08,'25/07/29
居家生活,7782,光速火箭,29.50,年,3.02,0.00,3.02,6.16,'25/08/05,'25/08/29
半導體業,6147,頎邦,52.90,年,3.75,0.00,3.75,6.15,'25/06/17,'25/07/15
其他業,8342,益張,85.90,年,5.00,0.00,5.00,6.13,'25/06/30,'25/07/25
電腦及週邊設備業,4987,科誠,71.40,年,5.20,0.00,5.20,6.12,'25/07/23,'25/08/15
電機機械,4580,捷流閥業,80.90,年,5.00,0.00,5.00,6.10,'25/07/29,'25/08/21
鋼鐵工業,2211,長榮鋼,97.60,年,5.00,0.00,5.00,6.10,'25/07/17,'25/08/08
居家生活,6671,三能-KY,35.90,年,2.60,0.00,2.60,6.10,'25/07/18,'25/08/15
觀光餐旅,9943,好樂迪,60.80,年,4.80,0.00,4.80,6.08,'25/07/07,'25/07/31
其他業,8435,鉅邁,53.10,年,4.50,0.00,4.50,6.08,'25/05/27,'25/06/27
其他電子業,2373,震旦行,56.10,年,3.70,0.00,3.70,6.07,'25/07/07,'25/07/25
貿易百貨業,2903,遠百,21.95,年,1.35,0.00,1.35,6.07,'25/06/24,'25/07/22
光電業,3168,眾福科,41.30,年,3.04,0.00,3.04,6.07,'25/06/18,'25/07/15
半導體業,2303,聯電,49.50,年,2.85,0.00,2.85,6.06,'25/06/24,'25/07/16
文化創意業,6856,鑫傳,57.90,年,3.40,0.00,3.40,6.06,'25/07/01,'25/07/28
半導體業,3592,瑞鼎,232.50,年,22.20,0.00,22.20,6.05,'25/07/03,'25/07/30
通信網路業,6170,統振,49.50,年,3.11,0.00,3.11,6.05,'25/07/10,'25/08/08
生技醫療業,4138,曜亞,60.70,年,4.15,1.00,5.15,6.04,'25/04/18,'25/05/16
電子零組件業,6115,鎰勝,47.15,年,3.20,0.00,3.20,6.04,'25/07/04,'25/08/01
數位雲端,3130,一零四,226.00,年,14.14,0.00,14.14,6.04,'25/07/10,'25/08/08
ETF,00926,凱基全球菁英55,23.30,年,1.47,0.00,1.47,6.00,'25/12/16,'26/01/13
生技醫療業,1565,精華,117.00,年,9.50,0.00,9.50,5.99,'25/08/25,'25/09/12
鋼鐵工業,2031,新光鋼,37.90,年,2.50,0.00,2.50,5.99,'25/06/19,'25/07/23
觀光餐旅,2727,王品,217.00,年,14.59,0.00,14.59,5.99,'25/07/03,'25/07/30
航運業,2618,長榮航,36.30,年,2.40,0.00,2.40,5.98,'25/07/09,'25/08/08
其他業,9942,茂順,105.50,年,7.00,0.00,7.00,5.98,'25/07/31,'25/08/28
電機機械,4532,瑞智,24.45,年,1.50,0.00,1.50,5.97,'25/04/10,'25/05/08
航運業,2643,捷迅,73.60,年,4.50,0.00,4.50,5.97,'25/06/20,'25/07/18
半導體業,6494,九齊,36.30,年,2.36,0.00,2.36,5.96,'25/06/19,'25/07/10
電子零組件業,2420,新巨,50.90,年,3.50,0.00,3.50,5.95,'25/08/26,'25/09/26
電子零組件業,4974,亞泰,69.60,年,5.45,0.00,5.45,5.94,'25/06/17,'25/07/11
其他業,6184,大豐電,47.80,半年,3.19,0.00,3.19,5.94,'25/06/24,'25/07/18
ETF,00971,野村美國研發龍頭,16.13,年,1.00,0.00,1.00,5.92,'25/12/16,'26/01/13
半導體業,8383,千附,40.65,年,2.50,0.00,2.50,5.92,'25/07/15,'25/08/15
資訊服務業,5212,凌網,52.20,年,3.50,0.00,3.50,5.92,'25/04/09,'25/05/14
金控業,2883,凱基金,17.50,年,0.85,0.10,0.95,5.92,'25/06/30,'25/07/30
紡織纖維,4417,金洲,53.60,年,2.80,0.00,2.80,5.91,'25/07/03,'25/07/25
保險業,2832,台產,50.30,年,2.00,0.00,2.00,5.91,'25/06/16,'25/07/11
運動休閒,6965,中傑-KY,91.60,年,6.00,0.00,6.00,5.91,'25/06/12,'25/07/17
半導體業,4961,天鈺,145.00,年,12.87,0.00,12.87,5.89,'25/07/01,'25/07/25
航運業,8367,建新國際,43.45,年,2.80,0.00,2.80,5.89,'25/07/09,'25/07/29
電子通路業,3033,威健,30.35,年,2.08,0.00,2.08,5.89,'25/08/11,'25/09/11
居家生活,3557,嘉威,36.60,年,2.50,0.50,3.00,5.89,'25/06/26,'25/07/31
電機機械,8107,大億金茂,14.20,年,1.00,0.00,1.00,5.88,'25/09/18,'25/10/15
汽車工業,4557,永新-KY,77.50,年,6.50,0.00,6.50,5.88,'25/06/16,'25/07/09
其他電子業,2433,互盛電,47.60,年,3.00,0.00,3.00,5.88,'25/07/03,'25/07/23
食品工業,4207,環泰,18.25,年,1.00,0.00,1.00,5.85,'25/04/07,'25/05/08
造紙工業,6790,永豐實,38.60,年,2.55,0.00,2.55,5.85,'25/07/14,'25/08/15
半導體業,6525,捷敏-KY,74.80,年,4.20,0.00,4.20,5.85,'25/05/27,'25/06/12
半導體業,5236,凌陽創新,111.50,年,7.73,0.27,8.00,5.84,'25/07/03,'25/07/31
航運業,2605,新興,26.60,年,1.30,0.00,1.30,5.84,'25/07/11,'25/08/15
綠能環保,6771,平和環保-創,45.20,半年,3.50,0.00,3.50,5.84,'25/06/26,'25/07/22
文化創意業,5478,智冠,98.20,季,7.50,0.00,7.50,5.84,'25/03/24,'25/04/18
半導體業,6716,應廣,47.05,年,3.38,0.00,3.38,5.83,'25/06/04,'25/06/26
運動休閒,6768,志強-KY,106.00,年,6.17,0.00,6.17,5.83,'25/06/23,'25/07/14
光電業,3051,力特,18.25,年,1.52,0.00,1.52,5.81,'25/08/05,'25/08/29
電腦及週邊設備業,2432,倚天酷碁-創,25.55,年,1.70,0.00,1.70,5.80,'25/07/03,'25/07/29
電子零組件業,6418,詠昇,44.35,年,1.10,0.00,1.10,5.80,'25/06/13,'25/07/04
電子零組件業,6761,穩得,139.50,年,5.63,0.00,5.63,5.80,'25/06/30,'25/07/25
銀行業,2838,聯邦銀,19.30,年,0.35,0.70,1.05,5.80,'25/07/23,'25/08/26
ETF,00915,凱基優選高股息30,22.92,季,1.35,0.00,1.35,5.79,'25/12/16,'26/01/13
電器電纜,1612,宏泰,34.40,年,2.10,0.00,2.10,5.79,'25/07/09,'25/07/31
文化創意業,7584,樂意,41.20,年,4.00,0.00,4.00,5.79,'25/07/11,'25/08/08
電子零組件業,6194,育富,34.00,年,2.10,0.00,2.10,5.78,'25/07/17,'25/08/08
電機機械,1558,伸興,104.00,年,6.00,0.00,6.00,5.77,'25/07/25,'25/08/29
汽車工業,4581,光隆精密-KY,51.20,年,3.20,0.00,3.20,5.77,'25/07/31,'25/08/27
半導體業,6291,沛亨,204.00,年,5.80,0.00,5.80,5.77,'25/04/01,'25/05/02
建材營造業,8424,惠普,73.40,年,4.40,0.00,4.40,5.77,'25/06/13,'25/07/04
電機機械,3426,台興,40.05,年,2.50,0.00,2.50,5.75,'25/07/17,'25/08/15
汽車工業,2248,華勝-KY,48.40,年,2.73,0.00,2.73,5.75,'25/07/17,'25/08/15
通信網路業,4906,正文,27.25,年,1.50,0.00,1.50,5.75,'25/07/03,'25/07/25
光電業,6556,勝品,70.80,年,4.20,0.00,4.20,5.75,'25/07/15,'25/08/11
鋼鐵工業,8349,恒耀,43.10,年,2.00,1.00,3.00,5.74,'25/06/27,'25/07/25
電腦及週邊設備業,3213,茂訊,102.50,年,6.00,0.00,6.00,5.74,'25/06/27,'25/07/25
水泥工業,1104,環泥,30.00,年,1.70,0.00,1.70,5.73,'25/06/25,'25/07/25
觀光餐旅,7757,金色三麥,118.50,年,9.00,0.00,9.00,5.73,'25/06/25,'25/07/22
運動休閒,8928,鉅明,24.95,年,1.70,0.00,1.70,5.73,'25/08/07,'25/09/12
鋼鐵工業,2069,運錩,18.75,年,0.90,0.00,0.90,5.71,'25/06/20,'25/07/16
資訊服務業,8284,三竹,63.30,年,4.00,0.00,4.00,5.71,'25/07/03,'25/07/25
其他電子業,3303,岱稜,44.80,年,2.77,0.00,2.77,5.70,'25/07/09,'25/08/01
電子零組件業,2355,敬鵬,31.05,年,1.85,0.00,1.85,5.69,'25/07/14,'25/08/11
其他電子業,6192,巨路,107.50,年,5.50,0.00,5.50,5.69,'25/04/24,'25/05/22
保險業,2816,旺旺保,28.85,年,1.50,0.00,1.50,5.68,'25/06/17,'25/07/14
數位雲端,5287,數字,170.50,半年,10.30,0.00,10.30,5.68,'25/08/28,'25/09/24
電腦及週邊設備業,3712,永崴投控,24.70,年,3.00,0.00,3.00,5.67,'25/07/24,'25/08/15
電腦及週邊設備業,6121,新普,364.00,半年,20.90,0.00,20.90,5.67,'25/12/17,'26/01/21
半導體業,8016,矽創,179.00,年,12.00,0.00,12.00,5.67,'25/06/16,'25/07/09
其他業,9938,百和,50.80,年,3.00,0.00,3.00,5.67,'25/08/04,'25/08/29
證券業,6023,元大期,95.50,年,4.80,0.00,4.80,5.66,'25/06/09,'25/06/30
其他業,8481,政伸,40.50,年,2.55,0.00,2.55,5.66,'25/07/07,'25/08/08
紡織纖維,1457,宜進,15.85,年,1.00,0.00,1.00,5.65,'25/04/10,'25/05/06
電子通路業,2414,精技,40.90,年,2.50,0.00,2.50,5.64,'25/07/24,'25/08/08
ETF,00935,野村臺灣新科技50,30.06,半年,1.35,0.00,1.35,5.63,'25/09/16,'25/10/15
建材營造業,5533,皇鼎,14.55,年,1.00,0.00,1.00,5.63,'25/06/26,'25/07/23
電子通路業,2347,聯強,58.70,年,4.00,0.00,4.00,5.63,'25/06/23,'25/07/18
證券業,6024,群益期,51.20,年,2.83,0.00,2.83,5.63,'25/06/18,'25/07/15
居家生活,2941,米斯特,45.65,年,3.20,0.00,3.20,5.63,'25/06/26,'25/07/24
玻璃陶瓷,1817,凱撒衛,38.35,年,2.40,0.00,2.40,5.62,'25/06/30,'25/07/25
電腦及週邊設備業,3022,威強電,64.90,年,4.50,0.00,4.50,5.62,'25/07/17,'25/08/15
電機機械,1527,鑽全,32.70,年,2.20,0.00,2.20,5.61,'25/08/04,'25/08/29
電子零組件業,3646,艾恩特,24.40,年,1.65,0.00,1.65,5.61,'25/08/26,'25/09/24
ETF,00960,野村全球航運龍頭,14.45,季,0.77,0.00,0.77,5.60,'25/10/20,'25/11/13
其他電子業,2477,美隆電,23.95,年,1.30,0.00,1.30,5.60,'25/04/24,'25/05/29
通信網路業,8089,康全電訊,27.95,年,1.25,1.25,2.50,5.59,'25/08/25,'25/09/25
建材營造業,2542,興富發,40.20,年,2.00,0.50,2.50,5.59,'25/09/25,'25/10/31
觀光餐旅,2752,豆府,207.00,年,14.00,0.00,14.00,5.59,'25/03/27,'25/04/21
ETF,00702,國泰標普低波高息,23.33,半年,1.32,0.00,1.32,5.57,'25/07/16,'25/08/11
ETF,00912,中信臺灣智慧50,21.62,季,1.05,0.00,1.05,5.54,'25/10/20,'25/11/14
電腦及週邊設備業,2495,普安,32.70,年,1.30,0.00,1.30,5.54,'25/07/25,'25/08/27
ETF,00730,富邦臺灣優質高息,23.11,月,1.27,0.00,1.27,5.53,'25/12/16,'26/01/12
建材營造業,2548,華固,118.50,年,5.50,0.50,6.00,5.53,'25/07/25,'25/08/20
其他業,1437,勤益控,34.55,季,1.83,0.00,1.83,5.53,'25/07/31,'25/08/29
化學工業,4767,誠泰科技,27.30,年,1.80,0.00,1.80,5.52,'25/07/31,'25/08/26
航運業,7716,昱臺國際,25.00,年,2.00,0.00,2.00,5.52,'25/07/21,'25/08/15
生技醫療業,7713,威力德生醫,74.50,年,3.37,0.00,3.37,5.51,'25/06/03,'25/07/03
銀行業,2845,遠東銀,12.90,年,0.50,0.25,0.75,5.51,'25/09/02,'25/09/30
化學工業,1712,興農,44.05,年,2.50,0.00,2.50,5.50,'25/03/13,'25/04/16
電腦及週邊設備業,2362,藍天,38.75,年,2.53,0.00,2.53,5.50,'25/06/24,'25/07/21
半導體業,8299,群聯,1340.00,半年,31.31,0.00,31.31,5.50,'25/12/16,'26/01/13
食品工業,1294,漢田生技,78.90,年,3.13,1.01,4.14,5.49,'25/07/15,'25/08/11
建材營造業,3188,鑫龍騰,30.55,年,1.80,0.00,1.80,5.49,'25/03/27,'25/04/30
航運業,2606,裕民,61.10,年,3.20,0.00,3.20,5.49,'25/06/18,'25/07/16
電機機械,1583,程泰,44.65,年,3.03,0.00,3.03,5.48,'25/07/08,'25/08/04
半導體業,2451,創見,196.00,年,6.09,0.00,6.09,5.48,'25/07/08,'25/08/01
數位雲端,7805,威聯通,750.00,年,40.00,0.00,40.00,5.48,'25/07/28,'25/08/26
電腦及週邊設備業,3046,建碁,51.90,年,2.70,0.00,2.70,5.47,'25/07/03,'25/07/29
電子零組件業,3217,優群,158.00,年,8.81,0.00,8.81,5.47,'25/07/03,'25/07/31
光電業,3031,佰鴻,19.70,年,1.00,0.00,1.00,5.46,'25/07/17,'25/08/15
化學工業,1708,東鹼,32.70,年,2.00,0.00,2.00,5.45,'25/05/28,'25/06/26
電腦及週邊設備業,8050,廣積,42.70,年,3.18,0.00,3.18,5.45,'25/07/18,'25/08/08
其他電子業,2474,可成,207.50,半年,11.49,0.00,11.49,5.45,'25/12/23,'26/01/21
居家生活,5903,全家,192.00,年,11.50,0.00,11.50,5.45,'25/08/06,'25/09/08
電機機械,1570,力肯,32.25,年,1.30,0.00,1.30,5.44,'25/07/30,'25/08/28
金控業,2885,元大金,39.65,年,1.55,0.30,1.85,5.44,'25/07/01,'25/07/23
金控業,2887,台新新光金,20.55,年,0.90,0.00,0.90,5.44,'25/08/12,'25/09/04
電腦及週邊設備業,4938,和碩,68.50,年,4.50,0.00,4.50,5.43,'25/06/17,'25/07/09
電子零組件業,3388,崇越電,61.50,年,3.50,0.00,3.50,5.43,'25/06/23,'25/07/18
橡膠工業,2114,鑫永銓,90.50,年,5.00,0.00,5.00,5.42,'25/06/24,'25/07/21
通信網路業,8048,德勝,55.90,年,2.20,0.00,2.20,5.42,'25/07/01,'25/07/24
水泥工業,1109,信大,15.50,年,0.90,0.00,0.90,5.41,'25/07/17,'25/08/15
紡織纖維,1451,年興,17.30,年,1.00,0.00,1.00,5.41,'25/04/17,'25/05/19
資訊服務業,2471,資通,49.95,年,3.06,0.00,3.06,5.41,'25/07/22,'25/08/18
觀光餐旅,2753,八方雲集,191.00,半年,10.00,0.00,10.00,5.41,'25/12/24,'26/01/22
ETF,00850,元大臺灣ESG永續,55.15,季,2.56,0.00,2.56,5.40,'25/11/21,'25/12/12
電器電纜,1604,聲寶,24.45,年,1.50,0.00,1.50,5.40,'25/04/11,'25/05/14
綠能環保,9930,中聯資源,70.40,年,4.00,0.00,4.00,5.40,'25/07/16,'25/08/06
食品工業,1702,南僑,39.15,年,2.50,0.00,2.50,5.39,'25/06/03,'25/06/27
電機機械,7709,榮田,37.55,年,2.30,0.00,2.30,5.39,'25/06/26,'25/07/24
電腦及週邊設備業,8163,達方,30.25,年,2.00,0.00,2.00,5.38,'25/06/20,'25/07/18
電子通路業,3010,華立,106.00,年,5.30,0.00,5.30,5.38,'25/06/23,'25/07/18
其他業,2904,匯僑,17.05,年,1.00,0.00,1.00,5.38,'25/07/07,'25/07/31
其他電子業,6146,耕興,160.00,年,10.10,0.00,10.10,5.37,'25/06/05,'25/06/26
觀光餐旅,2745,五福,104.50,年,6.50,0.00,6.50,5.37,'25/09/11,'25/10/15
鋼鐵工業,5007,三星,56.10,年,3.00,0.00,3.00,5.36,'25/03/25,'25/04/18
半導體業,4952,凌通,35.35,年,2.25,0.00,2.25,5.36,'25/06/25,'25/07/23
通信網路業,3684,榮昌,65.70,年,2.30,0.00,2.30,5.36,'25/06/30,'25/07/22
電機機械,1540,喬福,22.90,年,1.60,0.00,1.60,5.35,'25/07/15,'25/08/05
生技醫療業,4105,東洋,81.50,年,4.20,0.00,4.20,5.35,'25/03/27,'25/04/25
銀行業,2897,王道銀行,9.15,年,0.50,0.00,0.50,5.35,'25/07/10,'25/08/06
橡膠工業,2107,厚生,24.50,年,1.40,0.00,1.40,5.34,'25/06/16,'25/07/09
電器電纜,4930,燦星網,22.05,年,1.60,0.00,1.60,5.33,'25/04/01,'25/04/30
其他業,8437,大地-KY,17.15,年,1.02,0.00,1.02,5.33,'25/08/13,'25/09/12
電子零組件業,4915,致伸,76.50,年,4.20,0.00,4.20,5.32,'25/06/19,'25/07/18
電子零組件業,3042,晶技,80.20,半年,5.20,0.00,5.20,5.31,'25/06/16,'25/07/10
居家生活,9911,櫻花,83.20,年,4.70,0.00,4.70,5.31,'25/04/17,'25/05/21
生技醫療業,3118,進階,33.25,年,1.80,0.00,1.80,5.29,'25/06/12,'25/07/04
電子零組件業,3090,日電貿,93.70,年,4.20,0.00,4.20,5.29,'25/07/03,'25/07/31
通信網路業,2450,神腦,28.95,年,1.65,0.00,1.65,5.29,'25/06/19,'25/07/15
航運業,2617,台航,30.50,年,1.50,0.00,1.50,5.29,'25/07/21,'25/08/13
半導體業,6732,昇佳電子,176.00,年,10.00,0.00,10.00,5.28,'25/04/17,'25/05/22
建材營造業,2597,潤弘,168.00,年,7.70,2.00,9.70,5.27,'25/06/11,'25/06/30
半導體業,3264,欣銓,113.50,年,4.00,0.00,4.00,5.26,'25/06/24,'25/07/18
ETF,00771,元大US高息特別股,16.05,季,0.86,0.00,0.86,5.25,'25/11/21,'25/12/12
紡織纖維,4442,竣邦-KY,60.60,年,2.47,0.00,2.47,5.25,'25/04/23,'25/05/26
電機機械,4563,百德,42.00,年,3.00,0.00,3.00,5.25,'25/08/25,'25/09/22
半導體業,5299,杰力,70.60,年,4.15,0.00,4.15,5.25,'25/07/24,'25/08/21
金控業,2891,中信金,50.20,年,2.30,0.00,2.30,5.25,'25/07/14,'25/08/08
光電業,4935,茂林-KY,40.80,年,2.20,0.00,2.20,5.25,'25/06/16,'25/07/11
紡織纖維,4432,銘旺實,16.30,年,1.00,0.00,1.00,5.24,'25/08/13,'25/09/05
半導體業,3034,聯詠,374.50,年,28.00,0.00,28.00,5.24,'25/07/09,'25/08/08
電子通路業,6474,華豫寧,35.00,年,2.50,0.00,2.50,5.24,'25/07/17,'25/08/11
生技醫療業,4126,太醫,84.50,年,5.00,0.00,5.00,5.23,'25/07/03,'25/08/01
半導體業,3556,禾瑞亞,36.90,年,2.08,0.00,2.08,5.23,'25/06/13,'25/07/11
電機機械,1535,中宇,52.70,年,3.00,0.00,3.00,5.22,'25/07/21,'25/08/15
電機機械,4535,至興,28.95,年,1.60,0.00,1.60,5.22,'25/06/24,'25/07/15
鋼鐵工業,2006,東和鋼鐵,64.10,年,4.00,0.00,4.00,5.22,'25/03/20,'25/04/23
電腦及週邊設備業,3479,安勤,91.40,年,5.20,0.00,5.20,5.22,'25/07/03,'25/07/31
電子零組件業,6175,立敦,51.30,年,1.75,0.00,1.75,5.22,'25/07/10,'25/08/08
電器電纜,1616,億泰,28.45,年,1.80,0.00,1.80,5.21,'25/07/09,'25/08/01
資訊服務業,5410,國眾,30.90,年,1.50,0.00,1.50,5.21,'25/07/30,'25/08/22
光電業,3038,全台,23.35,年,1.50,0.00,1.50,5.21,'25/03/27,'25/04/18
綠能環保,6951,青新-創,74.20,年,3.80,0.00,3.80,5.21,'25/06/09,'25/07/04
綠能環保,8422,可寧衛*,30.10,年,9.94,0.00,9.94,5.21,'25/06/10,'25/06/30
ETF,00964,中信亞太高股息,11.68,月,0.56,0.00,0.56,5.19,'25/12/16,'26/01/13
鋼鐵工業,2029,盛餘,21.30,年,1.25,0.00,1.25,5.18,'25/07/15,'25/08/15
其他業,9905,大華,19.90,年,1.20,0.00,1.20,5.18,'25/07/10,'25/08/07
紡織纖維,1477,聚陽,299.00,半年,16.10,0.00,16.10,5.17,'25/08/15,'25/09/03
生技醫療業,1731,美吾華,21.75,年,1.20,0.00,1.20,5.17,'25/06/30,'25/07/24
建材營造業,2501,國建,23.55,年,1.00,0.00,1.00,5.17,'25/07/10,'25/08/08
建材營造業,2538,基泰,11.45,年,0.70,0.00,0.70,5.17,'25/07/31,'25/09/01
農業科技業,1240,茂生農經,59.50,年,2.70,0.70,3.40,5.17,'25/08/28,'25/09/19
電腦及週邊設備業,2397,友通,61.30,年,3.40,0.00,3.40,5.15,'25/06/25,'25/07/25
觀光餐旅,5706,鳳凰,50.60,年,2.75,0.50,3.25,5.15,'25/07/07,'25/08/11
金控業,2881,富邦金,97.00,年,4.25,0.25,4.50,5.15,'25/07/01,'25/07/31
金控業,2882,國泰金,76.20,年,3.50,0.00,3.50,5.15,'25/06/30,'25/07/28
光電業,4942,嘉彰,39.30,年,2.00,0.00,2.00,5.15,'25/07/31,'25/08/28
數位雲端,2640,大車隊,131.00,年,7.00,0.00,7.00,5.15,'25/07/21,'25/08/08
ETF,00930,永豐ESG低碳高息,17.32,雙月,0.91,0.00,0.91,5.14,'25/11/25,'25/12/19
生技醫療業,4173,久裕,21.05,年,1.19,0.00,1.19,5.14,'25/04/17,'25/05/16
汽車工業,2115,六暉-KY,24.45,年,1.50,0.00,1.50,5.14,'25/06/17,'25/07/11
保險業,5878,台名,41.15,年,2.30,0.00,2.30,5.14,'25/06/05,'25/06/24
通信網路業,3306,鼎天,49.85,年,2.10,0.00,2.10,5.13,'25/07/28,'25/08/15
通信網路業,6263,普萊德,130.00,年,7.90,0.00,7.90,5.13,'25/06/10,'25/07/09
資訊服務業,6590,普鴻,75.50,半年,2.80,1.50,4.30,5.13,'25/03/20,'25/04/18
光電業,3622,洋華,62.20,年,3.00,0.00,3.00,5.12,'25/08/26,'25/09/19
ETF,00963,中信全球高股息,11.42,月,0.54,0.00,0.54,5.11,'25/12/16,'26/01/13
生技醫療業,4161,聿新科,25.20,年,0.30,1.30,1.60,5.11,'25/08/20,'25/09/24
半導體業,8131,福懋科,58.90,年,1.45,0.00,1.45,5.11,'25/07/22,'25/08/22
其他業,9907,統一實,17.85,年,0.97,0.00,0.97,5.11,'25/07/18,'25/08/20
運動休閒,8938,明安,69.40,年,4.09,0.00,4.09,5.11,'25/03/27,'25/05/02
橡膠工業,2105,正新,29.40,年,2.40,0.00,2.40,5.10,'25/06/12,'25/07/17
資訊服務業,7767,仁大資訊,51.00,年,3.00,0.00,3.00,5.10,'25/06/11,'25/06/30
電子零組件業,6275,元山,53.00,年,2.26,0.00,2.26,5.09,'25/08/05,'25/09/01
資訊服務業,4994,傳奇,96.70,年,5.00,0.00,5.00,5.09,'25/06/13,'25/07/11
電子零組件業,4545,銘鈺,39.35,年,1.65,0.00,1.65,5.08,'25/06/24,'25/07/17
生技醫療業,6844,諾貝兒,75.60,年,5.10,0.00,5.10,5.07,'25/07/03,'25/07/31
電腦及週邊設備業,3611,鼎翰,204.50,年,9.98,0.00,9.98,5.07,'25/07/22,'25/08/15
半導體業,6257,矽格,115.00,年,4.04,0.00,4.04,5.07,'25/07/08,'25/07/25
電子零組件業,8039,台虹,86.60,年,2.50,0.00,2.50,5.07,'25/07/17,'25/08/07
光電業,8240,華宏,37.50,年,1.60,0.00,1.60,5.07,'25/06/27,'25/07/25
綠能環保,6803,崑鼎,295.50,年,15.24,0.00,15.24,5.07,'25/07/03,'25/07/23
其他業,5604,中連,37.25,年,2.30,0.00,2.30,5.07,'25/02/20,'25/03/12
居家生活,6195,詩肯,25.50,年,1.50,0.00,1.50,5.07,'25/06/26,'25/07/18
其他電子業,3402,漢科,122.50,年,5.00,0.00,5.00,5.05,'25/07/24,'25/08/22
ETF,00881,國泰台灣科技龍頭,32.44,半年,1.30,0.00,1.30,5.04,'25/08/18,'25/09/11
半導體業,6239,力成,175.00,年,7.00,0.00,7.00,5.04,'25/07/31,'25/09/05
電子零組件業,3537,堡達,50.00,年,2.30,0.00,2.30,5.04,'25/07/29,'25/08/22
電子零組件業,6203,海韻電,68.90,年,3.50,0.00,3.50,5.04,'25/09/09,'25/10/03
資訊服務業,5403,中菲,116.50,年,6.50,0.00,6.50,5.04,'25/05/28,'25/06/20
建材營造業,5213,亞昕,24.10,年,1.27,0.24,1.51,5.04,'25/06/23,'25/07/14
電機機械,1530,亞崴,27.25,年,1.53,0.00,1.53,5.03,'25/07/02,'25/07/29
綠能環保,6887,寶綠特-KY,61.10,年,3.96,0.00,3.96,5.02,'25/07/18,'25/08/18
通信網路業,3669,圓展,34.10,年,1.70,0.00,1.70,5.01,'25/06/27,'25/07/23
銀行業,2801,彰銀,20.45,年,0.50,0.50,1.00,5.01,'25/07/31,'25/09/04
銀行業,2820,華票,16.90,年,0.78,0.00,0.78,5.00,'25/06/30,'25/07/25
綠能環保,6581,鋼聯,106.00,年,6.00,0.00,6.00,5.00,'25/03/27,'25/04/25
油電燃氣業,9931,欣高,33.90,年,1.80,0.00,1.80,5.00,'25/06/23,'25/07/18
居家生活,2948,寶陞,38.50,年,1.82,0.33,2.15,5.00,'25/08/08,'25/08/29
